{
    "name": "Azure Developer CLI",
    "image": "mcr.microsoft.com/devcontainers/javascript-node:20-bullseye",
    "features": {
        "ghcr.io/devcontainers/features/docker-in-docker:2": {
        },
        "ghcr.io/devcontainers/features/kubectl-helm-minikube:1": {
            "version": "latest",
            "helm": "latest",
            "minikube": "none"
        },
        "ghcr.io/azure/azure-dev/azd:latest": {},
        "ghcr.io/rio/features/kustomize:1": {},
        "ghcr.io/meaningful-ooo/devcontainer-features/homebrew:2": {
            "shallowClone": true
        }
    },
    "customizations": {
        "vscode": {
            "extensions": [
                "dbaeumer.vscode-eslint",
                "esbenp.prettier-vscode",
                "GitHub.vscode-github-actions",
                "ms-azuretools.azure-dev",
                "ms-azuretools.vscode-azurefunctions",
                "ms-azuretools.vscode-bicep",
                "ms-azuretools.vscode-docker",
                "ms-kubernetes-tools.vscode-aks-tools",
                "ms-kubernetes-tools.vscode-kubernetes-tools",
                "ms-vscode.js-debug",
                "ms-vscode.vscode-node-azure-pack"
            ]
        }
    },
    "forwardPorts": [3000, 3100],
    "postCreateCommand": "brew install Azure/kubelogin/kubelogin",
    "remoteUser": "node",
    "hostRequirements": {
        "memory": "8gb"
    }
}
